{
  "config": {
    "embeddings_dir": "finetuned-specter2/embeddings",
    "k": 20,
    "method": "both",
    "rrf_k": 60,
    "classifier_C": 1.0,
    "classifier_max_iter": 200,
    "use_category": true,
    "min_papers": 0,
    "val_size": 0.1,
    "test_size": 0.2,
    "seed": 42,
    "n_train": 17773,
    "n_val": 2525,
    "n_test": 4884,
    "n_test_after_filter": 4884,
    "n_train_journals": 3645,
    "n_test_journals": 1973,
    "knn_time_s": 1.2,
    "clf_time_s": 128.3
  },
  "knn_only": {
    "accuracy@1": 0.11588861588861589,
    "accuracy@5": 0.29135954135954134,
    "accuracy@10": 0.3783783783783784,
    "mrr": 0.19641609116788544,
    "n_test": 4884
  },
  "classifier_only": {
    "accuracy@1": 0.11547911547911548,
    "accuracy@5": 0.2977067977067977,
    "accuracy@10": 0.3966011466011466,
    "mrr": 0.20523800784394028,
    "n_test": 4884
  },
  "rrf": {
    "accuracy@1": 0.12653562653562653,
    "accuracy@5": 0.30651105651105653,
    "accuracy@10": 0.4221949221949222,
    "mrr": 0.22030233786065787,
    "n_test": 4884
  },
  "interpolation": {
    "best_alpha": 0.3,
    "results": {
      "accuracy@1": 0.12674037674037675,
      "accuracy@5": 0.32657657657657657,
      "accuracy@10": 0.4355036855036855,
      "mrr": 0.22496201035195226,
      "n_test": 4884
    },
    "grid": {
      "0.0": {
        "accuracy@1": 0.11326732673267327,
        "accuracy@5": 0.27841584158415844,
        "accuracy@10": 0.3714851485148515,
        "mrr": 0.19747533613667054,
        "n_test": 2525
      },
      "0.1": {
        "accuracy@1": 0.1196039603960396,
        "accuracy@5": 0.2982178217821782,
        "accuracy@10": 0.4035643564356436,
        "mrr": 0.20987535483772524,
        "n_test": 2525
      },
      "0.2": {
        "accuracy@1": 0.1196039603960396,
        "accuracy@5": 0.30613861386138613,
        "accuracy@10": 0.4205940594059406,
        "mrr": 0.21223114877653282,
        "n_test": 2525
      },
      "0.3": {
        "accuracy@1": 0.12039603960396039,
        "accuracy@5": 0.30495049504950494,
        "accuracy@10": 0.4194059405940594,
        "mrr": 0.21320601928909172,
        "n_test": 2525
      },
      "0.4": {
        "accuracy@1": 0.1196039603960396,
        "accuracy@5": 0.30376237623762375,
        "accuracy@10": 0.41386138613861384,
        "mrr": 0.21232811332385018,
        "n_test": 2525
      },
      "0.5": {
        "accuracy@1": 0.1196039603960396,
        "accuracy@5": 0.3017821782178218,
        "accuracy@10": 0.4011881188118812,
        "mrr": 0.21125346013701585,
        "n_test": 2525
      },
      "0.6": {
        "accuracy@1": 0.11524752475247525,
        "accuracy@5": 0.2998019801980198,
        "accuracy@10": 0.39603960396039606,
        "mrr": 0.20783231202432417,
        "n_test": 2525
      },
      "0.7": {
        "accuracy@1": 0.11643564356435644,
        "accuracy@5": 0.3001980198019802,
        "accuracy@10": 0.39485148514851487,
        "mrr": 0.20818512220580415,
        "n_test": 2525
      },
      "0.8": {
        "accuracy@1": 0.11683168316831684,
        "accuracy@5": 0.299009900990099,
        "accuracy@10": 0.3897029702970297,
        "mrr": 0.20767019882718124,
        "n_test": 2525
      },
      "0.9": {
        "accuracy@1": 0.11762376237623762,
        "accuracy@5": 0.300990099009901,
        "accuracy@10": 0.38693069306930694,
        "mrr": 0.2082241293095365,
        "n_test": 2525
      },
      "1.0": {
        "accuracy@1": 0.11168316831683169,
        "accuracy@5": 0.2732673267326733,
        "accuracy@10": 0.36,
        "mrr": 0.19486777104246242,
        "n_test": 2525
      }
    },
    "tuned_on": "validation set"
  },
  "best_ensemble": {
    "method": "interpolation (alpha=0.3)",
    "per_tier": {
      "top-20": {
        "accuracy@1": 0.33762057877813506,
        "accuracy@5": 0.7258842443729904,
        "accuracy@10": 0.8480707395498392,
        "mrr": 0.5098734946282204,
        "n_test": 1244
      },
      "top-50": {
        "accuracy@1": 0.15234375,
        "accuracy@5": 0.4453125,
        "accuracy@10": 0.576171875,
        "mrr": 0.2886863661033717,
        "n_test": 512
      },
      "mid-tail": {
        "accuracy@1": 0.06377130291368883,
        "accuracy@5": 0.24244090159428258,
        "accuracy@10": 0.377130291368884,
        "mrr": 0.15770862152434462,
        "n_test": 1819
      },
      "long-tail": {
        "accuracy@1": 0.0038197097020626434,
        "accuracy@5": 0.01757066462948816,
        "accuracy@10": 0.06951871657754011,
        "mrr": 0.022729128528433583,
        "n_test": 1309
      }
    }
  }
}