{
  "config": {
    "embeddings_dir": "embeddings/full-text-specter2",
    "k": 20,
    "method": "both",
    "rrf_k": 60,
    "classifier_C": 1.0,
    "classifier_max_iter": 200,
    "use_category": true,
    "min_papers": 0,
    "val_size": 0.1,
    "test_size": 0.2,
    "seed": 42,
    "n_train": 17773,
    "n_val": 2525,
    "n_test": 4884,
    "n_test_after_filter": 4884,
    "n_train_journals": 3645,
    "n_test_journals": 1973,
    "knn_time_s": 1.4,
    "clf_time_s": 192.7
  },
  "knn_only": {
    "accuracy@1": 0.10503685503685503,
    "accuracy@5": 0.25757575757575757,
    "accuracy@10": 0.3361998361998362,
    "mrr": 0.17627586291303574,
    "n_test": 4884
  },
  "classifier_only": {
    "accuracy@1": 0.09234234234234234,
    "accuracy@5": 0.25552825552825553,
    "accuracy@10": 0.33742833742833744,
    "mrr": 0.1718769071797927,
    "n_test": 4884
  },
  "rrf": {
    "accuracy@1": 0.10401310401310401,
    "accuracy@5": 0.27825552825552824,
    "accuracy@10": 0.3882063882063882,
    "mrr": 0.19183227978492876,
    "n_test": 4884
  },
  "interpolation": {
    "best_alpha": 0.3,
    "results": {
      "accuracy@1": 0.11117936117936118,
      "accuracy@5": 0.2884930384930385,
      "accuracy@10": 0.4000819000819001,
      "mrr": 0.19980691956589075,
      "n_test": 4884
    },
    "grid": {
      "0.0": {
        "accuracy@1": 0.0902970297029703,
        "accuracy@5": 0.24316831683168316,
        "accuracy@10": 0.321980198019802,
        "mrr": 0.16694680882134882,
        "n_test": 2525
      },
      "0.1": {
        "accuracy@1": 0.10574257425742574,
        "accuracy@5": 0.26653465346534655,
        "accuracy@10": 0.35366336633663364,
        "mrr": 0.18573476340806488,
        "n_test": 2525
      },
      "0.2": {
        "accuracy@1": 0.1001980198019802,
        "accuracy@5": 0.2748514851485149,
        "accuracy@10": 0.3722772277227723,
        "mrr": 0.1874923459569757,
        "n_test": 2525
      },
      "0.3": {
        "accuracy@1": 0.10336633663366336,
        "accuracy@5": 0.2724752475247525,
        "accuracy@10": 0.37584158415841584,
        "mrr": 0.1900917340129545,
        "n_test": 2525
      },
      "0.4": {
        "accuracy@1": 0.10336633663366336,
        "accuracy@5": 0.2744554455445545,
        "accuracy@10": 0.37346534653465346,
        "mrr": 0.1884032286779178,
        "n_test": 2525
      },
      "0.5": {
        "accuracy@1": 0.10217821782178217,
        "accuracy@5": 0.27762376237623765,
        "accuracy@10": 0.36396039603960395,
        "mrr": 0.1866354221374001,
        "n_test": 2525
      },
      "0.6": {
        "accuracy@1": 0.10138613861386139,
        "accuracy@5": 0.27603960396039606,
        "accuracy@10": 0.3568316831683168,
        "mrr": 0.18521491926169972,
        "n_test": 2525
      },
      "0.7": {
        "accuracy@1": 0.1005940594059406,
        "accuracy@5": 0.27564356435643567,
        "accuracy@10": 0.356039603960396,
        "mrr": 0.18437586038319934,
        "n_test": 2525
      },
      "0.8": {
        "accuracy@1": 0.10138613861386139,
        "accuracy@5": 0.2728712871287129,
        "accuracy@10": 0.35485148514851483,
        "mrr": 0.18425318809657829,
        "n_test": 2525
      },
      "0.9": {
        "accuracy@1": 0.10138613861386139,
        "accuracy@5": 0.2740594059405941,
        "accuracy@10": 0.3568316831683168,
        "mrr": 0.18455825949041718,
        "n_test": 2525
      },
      "1.0": {
        "accuracy@1": 0.1005940594059406,
        "accuracy@5": 0.2502970297029703,
        "accuracy@10": 0.3192079207920792,
        "mrr": 0.17571491211617168,
        "n_test": 2525
      }
    },
    "tuned_on": "validation set"
  },
  "best_ensemble": {
    "method": "interpolation (alpha=0.3)",
    "per_tier": {
      "top-20": {
        "accuracy@1": 0.3207395498392283,
        "accuracy@5": 0.6905144694533762,
        "accuracy@10": 0.8553054662379421,
        "mrr": 0.48670312238823765,
        "n_test": 1244
      },
      "top-50": {
        "accuracy@1": 0.119140625,
        "accuracy@5": 0.375,
        "accuracy@10": 0.515625,
        "mrr": 0.2453458043930225,
        "n_test": 512
      },
      "mid-tail": {
        "accuracy@1": 0.04507971412864211,
        "accuracy@5": 0.18416712479384276,
        "accuracy@10": 0.3051126992853216,
        "mrr": 0.12230985161395985,
        "n_test": 1819
      },
      "long-tail": {
        "accuracy@1": 0.0007639419404125286,
        "accuracy@5": 0.01757066462948816,
        "accuracy@10": 0.054239877769289534,
        "mrr": 0.017035629468160732,
        "n_test": 1309
      }
    }
  }
}