{
  "config": {
    "embeddings_dir": "embeddings/full-text-specter2",
    "k": 20,
    "method": "both",
    "rrf_k": 60,
    "classifier_C": 1.0,
    "classifier_max_iter": 200,
    "use_category": true,
    "min_papers": 10,
    "test_size": 0.2,
    "seed": 42,
    "n_train": 20298,
    "n_test": 4884,
    "n_test_after_filter": 3230,
    "n_train_journals": 3645,
    "n_test_journals": 1973,
    "knn_time_s": 1.3,
    "clf_time_s": 2309.3
  },
  "knn_only": {
    "accuracy@1": 0.15170278637770898,
    "accuracy@5": 0.34055727554179566,
    "accuracy@10": 0.4359133126934985,
    "mrr": 0.2406229405341469,
    "n_test": 3230
  },
  "classifier_only": {
    "accuracy@1": 0.14148606811145512,
    "accuracy@5": 0.38606811145510833,
    "accuracy@10": 0.5043343653250774,
    "mrr": 0.261234896914825,
    "n_test": 3230
  },
  "rrf": {
    "accuracy@1": 0.15975232198142414,
    "accuracy@5": 0.40959752321981424,
    "accuracy@10": 0.5452012383900928,
    "mrr": 0.2801001729038643,
    "n_test": 3230
  },
  "interpolation": {
    "best_alpha": 0.2,
    "results": {
      "accuracy@1": 0.1653250773993808,
      "accuracy@5": 0.4297213622291022,
      "accuracy@10": 0.5653250773993808,
      "mrr": 0.2911050402549409,
      "n_test": 3230
    },
    "grid": {
      "0.0": {
        "accuracy@1": 0.14148606811145512,
        "accuracy@5": 0.38606811145510833,
        "accuracy@10": 0.5043343653250774,
        "mrr": 0.2622951025582254,
        "n_test": 3230
      },
      "0.1": {
        "accuracy@1": 0.1634674922600619,
        "accuracy@5": 0.41640866873065013,
        "accuracy@10": 0.5498452012383901,
        "mrr": 0.2876915787314437,
        "n_test": 3230
      },
      "0.2": {
        "accuracy@1": 0.1653250773993808,
        "accuracy@5": 0.4297213622291022,
        "accuracy@10": 0.5653250773993808,
        "mrr": 0.2911050402549409,
        "n_test": 3230
      },
      "0.3": {
        "accuracy@1": 0.16377708978328173,
        "accuracy@5": 0.4321981424148607,
        "accuracy@10": 0.5662538699690403,
        "mrr": 0.2891758032492826,
        "n_test": 3230
      },
      "0.4": {
        "accuracy@1": 0.1631578947368421,
        "accuracy@5": 0.4260061919504644,
        "accuracy@10": 0.5470588235294118,
        "mrr": 0.2849205993569397,
        "n_test": 3230
      },
      "0.5": {
        "accuracy@1": 0.1588235294117647,
        "accuracy@5": 0.41609907120743034,
        "accuracy@10": 0.530030959752322,
        "mrr": 0.278474158020195,
        "n_test": 3230
      },
      "0.6": {
        "accuracy@1": 0.15727554179566564,
        "accuracy@5": 0.40959752321981424,
        "accuracy@10": 0.5151702786377709,
        "mrr": 0.27501734492659113,
        "n_test": 3230
      },
      "0.7": {
        "accuracy@1": 0.1569659442724458,
        "accuracy@5": 0.4055727554179567,
        "accuracy@10": 0.5077399380804953,
        "mrr": 0.27311570666646373,
        "n_test": 3230
      },
      "0.8": {
        "accuracy@1": 0.15727554179566564,
        "accuracy@5": 0.4018575851393189,
        "accuracy@10": 0.5027863777089784,
        "mrr": 0.2720009907450911,
        "n_test": 3230
      },
      "0.9": {
        "accuracy@1": 0.15603715170278637,
        "accuracy@5": 0.40340557275541794,
        "accuracy@10": 0.5009287925696595,
        "mrr": 0.2718562183578087,
        "n_test": 3230
      },
      "1.0": {
        "accuracy@1": 0.15170278637770898,
        "accuracy@5": 0.34055727554179566,
        "accuracy@10": 0.4362229102167183,
        "mrr": 0.25039591269420663,
        "n_test": 3230
      }
    },
    "caveat": "Alpha tuned on test set \u2014 results are optimistic. Use a validation set for unbiased estimates."
  },
  "best_ensemble": {
    "method": "interpolation (alpha=0.2)",
    "per_tier": {
      "top-20": {
        "accuracy@1": 0.3287781350482315,
        "accuracy@5": 0.727491961414791,
        "accuracy@10": 0.8713826366559485,
        "mrr": 0.5055633568339147,
        "n_test": 1244
      },
      "top-50": {
        "accuracy@1": 0.11500974658869395,
        "accuracy@5": 0.38011695906432746,
        "accuracy@10": 0.5243664717348928,
        "mrr": 0.24067903519038117,
        "n_test": 513
      },
      "mid-tail": {
        "accuracy@1": 0.04480651731160896,
        "accuracy@5": 0.1955193482688391,
        "accuracy@10": 0.3211133740665309,
        "mrr": 0.12754930011500584,
        "n_test": 1473
      }
    }
  }
}