{
  "config": {
    "embeddings_dir": "embeddings/full-text-specter2",
    "k": 20,
    "method": "both",
    "rrf_k": 60,
    "classifier_C": 1.0,
    "classifier_max_iter": 200,
    "use_category": true,
    "min_papers": 0,
    "test_size": 0.2,
    "seed": 42,
    "n_train": 20298,
    "n_test": 4884,
    "n_test_after_filter": 4884,
    "n_train_journals": 3645,
    "n_test_journals": 1973,
    "knn_time_s": 1.5,
    "clf_time_s": 200.3
  },
  "knn_only": {
    "accuracy@1": 0.10687960687960688,
    "accuracy@5": 0.2633087633087633,
    "accuracy@10": 0.34705159705159705,
    "mrr": 0.17988228184453206,
    "n_test": 4884
  },
  "classifier_only": {
    "accuracy@1": 0.09357084357084357,
    "accuracy@5": 0.2585995085995086,
    "accuracy@10": 0.3417280917280917,
    "mrr": 0.17530491499903147,
    "n_test": 4884
  },
  "rrf": {
    "accuracy@1": 0.10667485667485667,
    "accuracy@5": 0.28235053235053237,
    "accuracy@10": 0.4002866502866503,
    "mrr": 0.1956347051786418,
    "n_test": 4884
  },
  "interpolation": {
    "best_alpha": 0.3,
    "results": {
      "accuracy@1": 0.11138411138411139,
      "accuracy@5": 0.300982800982801,
      "accuracy@10": 0.40806715806715804,
      "mrr": 0.20326522789429977,
      "n_test": 4884
    },
    "grid": {
      "0.0": {
        "accuracy@1": 0.09357084357084357,
        "accuracy@5": 0.2585995085995086,
        "accuracy@10": 0.3417280917280917,
        "mrr": 0.17707225881678793,
        "n_test": 4884
      },
      "0.1": {
        "accuracy@1": 0.10913185913185913,
        "accuracy@5": 0.2821457821457821,
        "accuracy@10": 0.37776412776412777,
        "mrr": 0.1968955718588638,
        "n_test": 4884
      },
      "0.2": {
        "accuracy@1": 0.11097461097461098,
        "accuracy@5": 0.29484029484029484,
        "accuracy@10": 0.39844389844389844,
        "mrr": 0.20186136407140567,
        "n_test": 4884
      },
      "0.3": {
        "accuracy@1": 0.11138411138411139,
        "accuracy@5": 0.300982800982801,
        "accuracy@10": 0.40806715806715804,
        "mrr": 0.20326522789429977,
        "n_test": 4884
      },
      "0.4": {
        "accuracy@1": 0.11138411138411139,
        "accuracy@5": 0.29832104832104833,
        "accuracy@10": 0.4011056511056511,
        "mrr": 0.20197164171065035,
        "n_test": 4884
      },
      "0.5": {
        "accuracy@1": 0.10933660933660934,
        "accuracy@5": 0.2932022932022932,
        "accuracy@10": 0.3951678951678952,
        "mrr": 0.1988662613847212,
        "n_test": 4884
      },
      "0.6": {
        "accuracy@1": 0.10810810810810811,
        "accuracy@5": 0.28972153972153974,
        "accuracy@10": 0.388001638001638,
        "mrr": 0.19690388425339309,
        "n_test": 4884
      },
      "0.7": {
        "accuracy@1": 0.10790335790335791,
        "accuracy@5": 0.2878787878787879,
        "accuracy@10": 0.3841113841113841,
        "mrr": 0.1959094983490636,
        "n_test": 4884
      },
      "0.8": {
        "accuracy@1": 0.10851760851760851,
        "accuracy@5": 0.28603603603603606,
        "accuracy@10": 0.3820638820638821,
        "mrr": 0.19559699312574358,
        "n_test": 4884
      },
      "0.9": {
        "accuracy@1": 0.1076986076986077,
        "accuracy@5": 0.2889025389025389,
        "accuracy@10": 0.3808353808353808,
        "mrr": 0.1960079067811379,
        "n_test": 4884
      },
      "1.0": {
        "accuracy@1": 0.10687960687960688,
        "accuracy@5": 0.2633087633087633,
        "accuracy@10": 0.34705159705159705,
        "mrr": 0.1867649358329962,
        "n_test": 4884
      }
    },
    "caveat": "Alpha tuned on test set \u2014 results are optimistic. Use a validation set for unbiased estimates."
  },
  "best_ensemble": {
    "method": "interpolation (alpha=0.3)",
    "per_tier": {
      "top-20": {
        "accuracy@1": 0.3167202572347267,
        "accuracy@5": 0.704983922829582,
        "accuracy@10": 0.8528938906752411,
        "mrr": 0.4880045291484901,
        "n_test": 1244
      },
      "top-50": {
        "accuracy@1": 0.1189083820662768,
        "accuracy@5": 0.3723196881091618,
        "accuracy@10": 0.5282651072124757,
        "mrr": 0.24240375124331842,
        "n_test": 513
      },
      "mid-tail": {
        "accuracy@1": 0.044605809128630707,
        "accuracy@5": 0.1970954356846473,
        "accuracy@10": 0.30601659751037347,
        "mrr": 0.12326176270038532,
        "n_test": 1928
      },
      "long-tail": {
        "accuracy@1": 0.0025020850708924102,
        "accuracy@5": 0.01834862385321101,
        "accuracy@10": 0.05921601334445371,
        "mrr": 0.01973972969213773,
        "n_test": 1199
      }
    }
  }
}