{
  "config": {
    "embeddings_dir": "embeddings/full-text-specter2",
    "k": 20,
    "method": "both",
    "rrf_k": 60,
    "classifier_C": 1.0,
    "classifier_max_iter": 200,
    "use_category": true,
    "min_papers": 10,
    "val_size": 0.1,
    "test_size": 0.2,
    "seed": 42,
    "n_train": 17773,
    "n_val": 2525,
    "n_test": 4884,
    "n_test_after_filter": 3176,
    "n_train_journals": 3645,
    "n_test_journals": 1973,
    "knn_time_s": 1.2,
    "clf_time_s": 195.3
  },
  "knn_only": {
    "accuracy@1": 0.1517632241813602,
    "accuracy@5": 0.3391057934508816,
    "accuracy@10": 0.4329345088161209,
    "mrr": 0.24090597756009202,
    "n_test": 3176
  },
  "classifier_only": {
    "accuracy@1": 0.14200251889168766,
    "accuracy@5": 0.38759445843828716,
    "accuracy@10": 0.5062972292191436,
    "mrr": 0.2605649927321912,
    "n_test": 3176
  },
  "rrf": {
    "accuracy@1": 0.1577455919395466,
    "accuracy@5": 0.4093198992443325,
    "accuracy@10": 0.5412468513853904,
    "mrr": 0.27965231238755406,
    "n_test": 3176
  },
  "interpolation": {
    "best_alpha": 0.1,
    "results": {
      "accuracy@1": 0.16278337531486145,
      "accuracy@5": 0.41908060453400503,
      "accuracy@10": 0.5469143576826196,
      "mrr": 0.2868382028473211,
      "n_test": 3176
    },
    "grid": {
      "0.0": {
        "accuracy@1": 0.15240641711229946,
        "accuracy@5": 0.40240641711229946,
        "accuracy@10": 0.5213903743315508,
        "mrr": 0.27328197714839075,
        "n_test": 1496
      },
      "0.1": {
        "accuracy@1": 0.17647058823529413,
        "accuracy@5": 0.4344919786096257,
        "accuracy@10": 0.5621657754010695,
        "mrr": 0.29933836754139986,
        "n_test": 1496
      },
      "0.2": {
        "accuracy@1": 0.1657754010695187,
        "accuracy@5": 0.4405080213903743,
        "accuracy@10": 0.5808823529411765,
        "mrr": 0.2970174779114177,
        "n_test": 1496
      },
      "0.3": {
        "accuracy@1": 0.16911764705882354,
        "accuracy@5": 0.4304812834224599,
        "accuracy@10": 0.5748663101604278,
        "mrr": 0.29740688717256303,
        "n_test": 1496
      },
      "0.4": {
        "accuracy@1": 0.16644385026737968,
        "accuracy@5": 0.428475935828877,
        "accuracy@10": 0.5574866310160428,
        "mrr": 0.2910510322757024,
        "n_test": 1496
      },
      "0.5": {
        "accuracy@1": 0.16243315508021391,
        "accuracy@5": 0.43114973262032086,
        "accuracy@10": 0.5381016042780749,
        "mrr": 0.2856618140871294,
        "n_test": 1496
      },
      "0.6": {
        "accuracy@1": 0.16042780748663102,
        "accuracy@5": 0.4264705882352941,
        "accuracy@10": 0.5200534759358288,
        "mrr": 0.28210848987572873,
        "n_test": 1496
      },
      "0.7": {
        "accuracy@1": 0.1590909090909091,
        "accuracy@5": 0.42312834224598933,
        "accuracy@10": 0.5167112299465241,
        "mrr": 0.2801177373404643,
        "n_test": 1496
      },
      "0.8": {
        "accuracy@1": 0.16042780748663102,
        "accuracy@5": 0.4177807486631016,
        "accuracy@10": 0.5127005347593583,
        "mrr": 0.27958493129737594,
        "n_test": 1496
      },
      "0.9": {
        "accuracy@1": 0.15975935828877005,
        "accuracy@5": 0.4177807486631016,
        "accuracy@10": 0.5120320855614974,
        "mrr": 0.2791189259845377,
        "n_test": 1496
      },
      "1.0": {
        "accuracy@1": 0.1557486631016043,
        "accuracy@5": 0.34959893048128343,
        "accuracy@10": 0.4358288770053476,
        "mrr": 0.25677683368330606,
        "n_test": 1496
      }
    },
    "tuned_on": "validation set"
  },
  "best_ensemble": {
    "method": "interpolation (alpha=0.1)",
    "per_tier": {
      "top-20": {
        "accuracy@1": 0.33360128617363344,
        "accuracy@5": 0.7387459807073955,
        "accuracy@10": 0.8810289389067524,
        "mrr": 0.5091636491968429,
        "n_test": 1244
      },
      "top-50": {
        "accuracy@1": 0.111328125,
        "accuracy@5": 0.359375,
        "accuracy@10": 0.4765625,
        "mrr": 0.24060222162090822,
        "n_test": 512
      },
      "mid-tail": {
        "accuracy@1": 0.03169014084507042,
        "accuracy@5": 0.16056338028169015,
        "accuracy@10": 0.2795774647887324,
        "mrr": 0.1087395881495169,
        "n_test": 1420
      }
    }
  }
}